num_v_trips,percent_total
2115794.3052834095,16.628100521562143
