num_v_trips,percent_total
109939.65315258,7.414960951197326
