origin,destination,count
2199,2199,2424.60170514
2236,2199,2336.79332244
2215,2199,2218.57630174
2264,2199,1092.58573734
2254,2199,1040.6826346
2213,2199,1025.71547814
2173,2199,868.6487024
2283,2199,862.8832335
2258,2199,861.8552892
2239,2199,861.0868261
2157,2199,746.48992914
2202,2199,693.4790419
2252,2199,682.86318264
2228,2199,633.4820358
2510,2199,591.7135729
2204,2199,547.2195608
2086,2199,543.12865174
2129,2199,500.6886227
2265,2199,500.4880239
2282,2199,478.8213572
