num_v_trips,percent_total
2381420.705147469,17.58633164595258
