num_v_trips,percent_total
124543.87552385998,8.070898503199505
