num_v_trips,percent_total
102256.41381116,6.907303046832489
