num_v_trips,percent_total
1840870.4620305013,15.280480693710743
