Year,No Build,Build
2016,23.64132641415155,23.64132641415155
2025,23.373379670795266,22.00976532936791
2035,23.783168006029424,21.00015694541839
2050,24.28830132662774,20.730685951155273
