Year,No Build,Build
2016,39120.591269786135,39120.591269786135
2025,40562.73572850004,38196.28599183564
2035,43051.68425373031,38013.94859859427
2050,45492.92348437483,38829.37291792295
