Year,No Build,Build
2016,0.6901005301504706,0.6901005301504706
2025,0.7276796770229289,0.7161556289688752
2035,0.7457178163241778,0.739618999542204
2050,0.7608818469729457,0.7473990179954868
