Year,No Build,Build
2016,5.12273756488254,5.12273756488254
2025,5.08923746542479,5.10511313318268
2035,5.5934736832176,5.29173792849203
2050,5.84881889920904,5.44442300905382
