Year,total_vht
2016,159507250.88192335
2025,154500945.5653622
2035,156940791.69171652
2050,161419605.0435818
