Year,Vehicle Trips,Percent Total
2016,102256.41381116,6.907303046832489
2025,109939.65315258,7.414960951197326
2035,124543.87552385998,8.070898503199505
2050,131219.47015414,8.369265066887403
