Year,total_vmt
2016,83614703.8197748
2025,84538406.30960627
2035,85412968.28717363
2050,88133934.01426175
