Year,Residents,Workers
2016,4.220621542630076,4.4809138468959935
2025,4.214771633435977,4.453487768107525
2035,4.177438491355042,4.401003284377148
2050,4.175130265353147,4.387503318294255
