Year,Vehicle Trips,Person Trips
2016,12047202.56469537,16426897.74200878
2025,12724209.253725627,17291336.789564516
2035,13541315.796211218,18046387.753394462
2050,14118341.508540727,18838172.21130074
