Year,Vehicle Trips,Percent of Total
2016,1840870.462030501,15.280480693710745
2025,2115794.305283409,16.628100521562143
2035,2381420.705147469,17.58633164595258
2050,2512862.9357599583,17.7985702799428
