Year,total_vhd
2016,600797.7630917316
2025,491851.2491604547
2035,503585.55703811935
2050,526375.3642031327
