Year,Boardings
2016,380539.846964
2025,614483.829105
2035,1235770.2655449999
2050,1440962.876126
