Year,No Build,Build
2016,83614703.81977576,83614703.81977576
2025,88268330.22851133,84538406.30960433
2035,94374790.55806816,85412968.28717396
2050,100071162.8474083,88133934.01426461
