Year,No Build,Build
2016,25.60557681417783,25.60557681417783
2025,25.77821792205916,24.68891679485582
2035,26.40855959856896,23.90080497306782
2050,27.05085156275412,23.82402581147964
