num_v_trips,percent_total
131219.47015414,8.369265066887403
