num_v_trips,percent_total
2512862.9357599583,17.7985702799428
